id,category,question,gold,gen_small,correct_small,gen_large,correct_large
cap_au,capital,What is the capital city of Australia?,Canberra,Canberra,1,Canberra,1
cap_ca,capital,What is the capital city of Canada?,Ottawa,Ottawa,1,Ottawa,1
cap_tr,capital,What is the capital city of Turkey?,Ankara,Ankara,1,Ankara,1
cap_kz,capital,What is the capital city of Kazakhstan?,Astana | Nur-Sultan | Nur Sultan,Astana,1,Astana,1
cap_mm,capital,What is the capital city of Myanmar?,Naypyidaw | Naypyitaw | Nay Pyi Taw,Naypyidaw,1,Naypyidaw,1
cap_bz,capital,What is the capital city of Brazil?,Brasilia | Brasília,Brasília,1,Brasília,1
cap_ng,capital,What is the capital city of Nigeria?,Abuja,Lagos,0,Abuja,1
cap_ch,capital,What is the capital city of Switzerland?,Bern | Berne,Bern,1,Bern,1
cap_nz,capital,What is the capital city of New Zealand?,Wellington,Auckland,0,Wellington,1
cap_za,capital,What is the executive capital of South Africa?,Pretoria,Pretoria,1,Pretoria,1
cap_bt,capital,What is the capital city of Bhutan?,Thimphu,Thimphu,1,Thimphu,1
cap_mn,capital,What is the capital city of Mongolia?,Ulaanbaatar | Ulan Bator,Ulaanbaatar,1,Ulaanbaatar,1
cap_lk,capital,What is the commercial capital and largest city of Sri Lanka?,Colombo,Colombo,1,Colombo,1
cap_ma,capital,What is the capital city of Morocco?,Rabat,Rabat,1,Rabat,1
cap_ec,capital,What is the capital city of Ecuador?,Quito,Quito,1,Quito,1
us_ny,us_capital,What is the capital of the U.S. state of New York?,Albany,Albany,1,Albany,1
us_ca,us_capital,What is the capital of the U.S. state of California?,Sacramento,Sacramento,1,Sacramento,1
us_il,us_capital,What is the capital of the U.S. state of Illinois?,Springfield,Springfield,1,Springfield,1
us_wa,us_capital,What is the capital of the U.S. state of Washington?,Olympia,Olympia,1,Olympia,1
us_pa,us_capital,What is the capital of the U.S. state of Pennsylvania?,Harrisburg,Harrisburg,1,Harrisburg,1
us_mo,us_capital,What is the capital of the U.S. state of Missouri?,Jefferson City,Jefferson,0,Jefferson City,1
us_or,us_capital,What is the capital of the U.S. state of Oregon?,Salem,Salem,1,Salem,1
sci_au,science,What is the chemical symbol for gold?,Au,Au,1,Au,1
sci_w,science,What is the chemical symbol for tungsten?,W,W,1,W,1
sci_pb,science,What is the chemical symbol for lead?,Pb,Pb,1,Pb,1
sci_k,science,What is the chemical symbol for potassium?,K,K,1,K,1
sci_na,science,What is the chemical symbol for sodium?,Na,Na,1,Na,1
sci_bone,science,What is the smallest bone in the human body?,stapes | stirrup,Stapes,1,Stapes,1
sci_planet,science,Which planet in our solar system has the most moons as of 2024?,Saturn,Pluto,0,Jupiter,0
sci_speed,science,"What is the speed of light in vacuum in kilometers per second, rounded to the nearest thousand?","300000 | 300,000 | 299792 | 299,792","186,282 kilometers per second",0,299,0
sci_atomic,science,What is the atomic number of carbon?,6 | six,6,1,6,1
sci_blood,science,What protein in red blood cells carries oxygen?,hemoglobin | haemoglobin,Hemoglobin.,1,Hemoglobin,1
sci_dna,science,"Which scientist is credited, with Francis Crick, for the 1953 double-helix model of DNA?",Watson | James Watson,James Watson,1,James Watson,1
sci_element79,science,Which chemical element has atomic number 79?,gold,Osmium,0,Astatine,0
sci_hardest,science,What is the hardest known naturally occurring material?,diamond,Tungsten.,0,Lonsdaleite,0
his_ww2,history,In what year did World War II end?,1945,1945,1,1945,1
his_berlin,history,In what year did the Berlin Wall fall?,1989,1989,1,1989,1
his_moon,history,In what year did humans first land on the Moon?,1969,1969,1,1969,1
his_magna,history,In what year was the Magna Carta sealed?,1215,1215,1,1215,1
his_french,history,In what year did the French Revolution begin?,1789,1789,1,1789,1
his_columbus,history,In what year did Columbus first reach the Americas?,1492,1492,1,1492,1
his_titanic,history,In what year did the Titanic sink?,1912,1912,1,1912,1
his_president1,history,Who was the first President of the United States?,Washington | George Washington,George Washington,1,George Washington,1
his_president16,history,Who was the 16th President of the United States?,Lincoln | Abraham Lincoln,Warren G. Harding,0,Abraham Lincoln,1
his_pharaoh,history,Which ancient Egyptian queen was the last active ruler of the Ptolemaic Kingdom?,Cleopatra,Cleopatra VII,1,Cleopatra VII,1
his_indep,history,In what year did India gain independence from British rule?,1947,"August 15, 1947",1,1947,1
geo_river,geography,What is the longest river in the world?,Nile | Amazon,Nile River,1,Nile River,1
geo_mountain,geography,What is the tallest mountain above sea level on Earth?,Everest | Mount Everest,Mount Everest,1,Mount Everest,1
geo_desert,geography,What is the largest hot desert in the world?,Sahara,Sahara,1,Antarctic Desert,0
geo_ocean,geography,What is the largest ocean on Earth?,Pacific,Pacific Ocean,1,Pacific Ocean,1
geo_lake,geography,What is the largest freshwater lake by surface area in the world?,Superior | Lake Superior,Lake Superior,1,Caspian Sea,0
geo_country,geography,What is the largest country in the world by land area?,Russia,Russia,1,Russia,1
geo_smallest,geography,What is the smallest country in the world by area?,Vatican | Vatican City,Vatican City,1,Vatican City,1
geo_volcano,geography,What is the largest active volcano on Earth by volume?,Mauna Loa,Mauna Loa,1,Mauna Loa,1
geo_strait,geography,Which strait separates Spain from Morocco?,Gibraltar | Strait of Gibraltar,Strait of Gibraltar,1,Gibraltar Strait,1
lit_romeo,literature,Who wrote the play 'Romeo and Juliet'?,Shakespeare | William Shakespeare,William Shakespeare,1,William Shakespeare,1
lit_1984,literature,Who wrote the novel '1984'?,Orwell | George Orwell,George Orwell,1,George Orwell,1
lit_pride,literature,Who wrote the novel 'Pride and Prejudice'?,Austen | Jane Austen,Jane Austen,1,Jane Austen,1
lit_warpeace,literature,Who wrote the novel 'War and Peace'?,Tolstoy | Leo Tolstoy,Leo Tolstoy,1,Leo Tolstoy,1
lit_odyssey,literature,Who is the ancient Greek poet traditionally credited as author of the Odyssey?,Homer,Homer,1,Homer,1
lit_mona,literature,Who painted the Mona Lisa?,da Vinci | Leonardo | Leonardo da Vinci,Leonardo da Vinci,1,Leonardo da Vinci,1
lit_starry,literature,Who painted 'The Starry Night'?,van Gogh | Vincent van Gogh,Vincent van Gogh,1,Vincent van Gogh,1
lit_guernica,literature,Who painted 'Guernica'?,Picasso | Pablo Picasso,Pablo Picasso,1,Pablo Picasso,1
spo_wc2018,sports,Which country won the 2018 FIFA World Cup?,France,France,1,France,1
spo_wc2014,sports,Which country won the 2014 FIFA World Cup?,Germany,Germany,1,Germany,1
spo_olymp2016,sports,Which city hosted the 2016 Summer Olympics?,Rio | Rio de Janeiro,Rio de Janeiro,1,Rio de Janeiro,1
spo_olymp2012,sports,Which city hosted the 2012 Summer Olympics?,London,London,1,London,1
spo_marathon,sports,"How many kilometers long is a marathon, rounded to the nearest whole number?",42,26.2,0,42.195,0
mis_currency_jp,misc,What is the official currency of Japan?,yen,Japanese Yen,1,Japanese yen,1
mis_currency_in,misc,What is the official currency of India?,rupee | rupees,Indian Rupee,1,Indian Rupee,1
mis_currency_pl,misc,What is the official currency of Poland?,zloty | złoty,Poland's official currency is the Polish złoty (PLN).,1,Polish złoty (PLN),1
mis_currency_se,misc,What is the official currency of Sweden?,krona | kronor,Euros,0,Swedish krona,1
mis_language_br,misc,What is the official language of Brazil?,Portuguese,Portuguese,1,Portuguese,1
mis_language_at,misc,What is the official language of Austria?,German,German,1,German,1
mis_continents,misc,"How many continents are there on Earth, by the common seven-continent model?",7 | seven,6,0,Seven,1
mis_planets,misc,How many planets are in our solar system as of 2024?,8 | eight,8,1,8,1
mis_keys,misc,How many keys are on a standard full-size piano?,88,121 keys,0,88,1
mis_chess,misc,How many squares are on a standard chessboard?,64,64,1,64,1
mis_bones,misc,How many bones are in the adult human body?,206,206,1,206,1
mis_amendments,misc,How many amendments are in the United States Constitution as of 2024?,27 | twenty-seven | twenty seven,27,1,27,1
cap_vn,capital,What is the capital city of Vietnam?,Hanoi,Hanoi,1,Hanoi,1
cap_id,capital,What is the capital city of Indonesia?,Jakarta,Jakarta,1,Jakarta,1
cap_sa,capital,What is the capital city of Saudi Arabia?,Riyadh,Riyadh,1,Riyadh,1
cap_no,capital,What is the capital city of Norway?,Oslo,Oslo,1,Oslo,1
cap_fi,capital,What is the capital city of Finland?,Helsinki,Helsinki,1,Helsinki,1
cap_hr,capital,What is the capital city of Croatia?,Zagreb,Zagreb,1,Zagreb,1
cap_rs,capital,What is the capital city of Serbia?,Belgrade,Belgrade,1,Belgrade,1
cap_ro,capital,What is the capital city of Romania?,Bucharest,Bucharest,1,Bucharest,1
cap_bg,capital,What is the capital city of Bulgaria?,Sofia,Sofia,1,Sofia,1
cap_pe,capital,What is the capital city of Peru?,Lima,Lima,1,Lima,1
cap_cl,capital,What is the capital city of Chile?,Santiago,Santiago,1,Santiago,1
cap_co,capital,What is the capital city of Colombia?,Bogota | Bogotá,Bogotá,1,Bogotá,1
cap_et,capital,What is the capital city of Ethiopia?,Addis Ababa,Addis Ababa,1,Addis Ababa,1
cap_gh,capital,What is the capital city of Ghana?,Accra,Accra,1,Accra,1
cap_si,capital,What is the capital city of Slovenia?,Ljubljana,Ljubljana,1,Ljubljana,1
cap_sk,capital,What is the capital city of Slovakia?,Bratislava,Bratislava,1,Bratislava,1
us_ky,us_capital,What is the capital of the U.S. state of Kentucky?,Frankfort,Frankfort,1,Frankfort,1
us_me,us_capital,What is the capital of the U.S. state of Maine?,Augusta,Augusta,1,Augusta,1
us_sd,us_capital,What is the capital of the U.S. state of South Dakota?,Pierre,Pierre,1,Pierre,1
us_vt,us_capital,What is the capital of the U.S. state of Vermont?,Montpelier,Montpelier,1,Montpelier,1
us_nv,us_capital,What is the capital of the U.S. state of Nevada?,Carson City,Carson City,1,Carson City,1
us_ak,us_capital,What is the capital of the U.S. state of Alaska?,Juneau,Juneau,1,Juneau,1
us_nd,us_capital,What is the capital of the U.S. state of North Dakota?,Bismarck,Bismarck,1,Bismarck,1
cur_th,misc,What is the official currency of Thailand?,baht,Baht,1,Baht,1
cur_vn,misc,What is the official currency of Vietnam?,dong | đồng,Vietnamese Dong,1,Vietnamese dong,1
cur_kr,misc,What is the official currency of South Korea?,won,South Korean Won,1,South Korean Won,1
cur_cz,misc,What is the official currency of the Czech Republic?,koruna,Czech Koruna,1,Czech koruna,1
cur_dk,misc,What is the official currency of Denmark?,krone,Danish Krone,1,Danish krone,1
cur_hu,misc,What is the official currency of Hungary?,forint,HUF,0,Forint (HUF),1
cur_za,misc,What is the official currency of South Africa?,rand,Rands,0,South African rand,1
geo_island,geography,What is the largest island in the world?,Greenland,Greenland,1,Greenland,1
geo_medisland,geography,What is the largest island in the Mediterranean Sea?,Sicily,Cyprus,0,Sicily,1
geo_africamt,geography,What is the highest mountain in Africa?,Kilimanjaro,Mount Kilimanjaro,1,Mount Kilimanjaro,1
geo_namt,geography,What is the highest mountain in North America?,Denali | McKinley,Denali (formerly known as Mount McKinley),1,Denali,1
geo_samt,geography,What is the highest mountain in South America?,Aconcagua,Aconcagua,1,Aconcagua,1
geo_deeplake,geography,What is the deepest lake in the world?,Baikal | Lake Baikal,Lake Baikal,1,Lake Baikal,1
geo_waterfall,geography,What is the highest waterfall in the world?,Angel Falls | Angel,Igor's Falls,0,Angel Falls,1
geo_africabig,geography,What is the largest country in Africa by land area?,Algeria,Algeria,1,Algeria,1
geo_asiarriver,geography,What is the longest river in Asia?,Yangtze,Yangtze River,1,Yangtze River,1
geo_uscounty,geography,Which U.S. state has the most counties?,Texas,Texas,1,Texas,1
el_hg,science,What is the chemical symbol for mercury?,Hg,Hg,1,Hg,1
el_ag,science,What is the chemical symbol for silver?,Ag,Ag,1,Ag,1
el_sn,science,What is the chemical symbol for tin?,Sn,Sn,1,Sn,1
el_sb,science,What is the chemical symbol for antimony?,Sb,Sb,1,Sb,1
el_fe_num,science,What is the atomic number of iron?,26,30,0,26,1
el_u_num,science,What is the atomic number of uranium?,92,92,1,92,1
bio_mito,science,Which organelle is known as the powerhouse of the cell?,mitochondria | mitochondrion,Mitochondria,1,Mitochondria,1
bio_gas,science,What is the most abundant gas in Earth's atmosphere?,nitrogen,Nitrogen,1,Nitrogen,1
bio_chrom,science,How many pairs of chromosomes does a typical human have?,23 | twenty-three,46,0,46,0
phy_mendeleev,science,Who is known as the father of the periodic table?,Mendeleev | Dmitri Mendeleev,Dmitri Mendeleev,1,Dmitri Mendeleev,1
phy_relativity,science,Who developed the theory of general relativity?,Einstein | Albert Einstein,Albert Einstein,1,Albert Einstein,1
his_civilwar,history,In what year did the American Civil War begin?,1861,1861,1,1861,1
his_ussr,history,In what year did the Soviet Union dissolve?,1991,1991,1,1991,1
his_ww1,history,In what year did the First World War begin?,1914,1914,1,1914,1
his_chernobyl,history,In what year did the Chernobyl nuclear disaster occur?,1986,1986,1,1986,1
his_penicillin,history,Who discovered penicillin?,Fleming | Alexander Fleming,Alexander Fleming,1,Alexander Fleming,1
his_gagarin,history,Who was the first human to travel into space?,Gagarin | Yuri Gagarin,Yuri Gagarin,1,Yuri Gagarin,1
his_sistine,history,Who painted the ceiling of the Sistine Chapel?,Michelangelo,Michelangelo Buonarroti.,1,Michelangelo,1
his_mayflower,history,Which ship carried the Pilgrims to America in 1620?,Mayflower,The Mayflower.,1,Mayflower,1
his_genghis,history,Which empire was founded and ruled by Genghis Khan?,Mongol | Mongol Empire,Mongol Empire,1,Mongol Empire,1
