,llama3b_layer_0,llama3b_layer_1,llama3b_layer_2,llama3b_layer_3,llama3b_layer_4,llama3b_layer_5,llama3b_layer_6,llama3b_layer_7,llama3b_layer_8,llama3b_layer_9,llama3b_layer_10,llama3b_layer_11,llama3b_layer_12,llama3b_layer_13,llama3b_layer_14,llama3b_layer_15,llama3b_layer_16,llama3b_layer_17,llama3b_layer_18,llama3b_layer_19,llama3b_layer_20,llama3b_layer_21,llama3b_layer_22,llama3b_layer_23,llama3b_layer_24,llama3b_layer_25,llama3b_layer_26,llama3b_layer_27,llama3b_layer_28
llama1b_layer_0,0.9467965,0.72304165,0.28544262,0.2961456,0.30781764,0.3173941,0.32387045,0.33258438,0.34018734,0.34263128,0.34399,0.3453606,0.35382387,0.3585835,0.36422855,0.38048092,0.39421308,0.40463758,0.41452122,0.42133296,0.4404132,0.4532434,0.4631428,0.47389758,0.48616776,0.4968324,0.5161381,0.53916246,0.7401229
llama1b_layer_1,0.52774876,0.93036604,0.95487046,0.958197,0.96168584,0.96444196,0.9660539,0.9681543,0.96979827,0.9701766,0.9704314,0.9707295,0.97261065,0.9736881,0.97491866,0.97792,0.9796971,0.9808698,0.9818393,0.9820319,0.98211944,0.98112017,0.9802841,0.9790303,0.9774208,0.9757561,0.9709769,0.964742,0.4204046
llama1b_layer_2,0.29562795,0.79847586,0.9999588,0.9997181,0.999152,0.9984423,0.9978373,0.99684536,0.9957851,0.9952615,0.99496174,0.9947295,0.9933078,0.9925766,0.9917484,0.9887294,0.985472,0.9826231,0.97989863,0.97760564,0.97017926,0.9639914,0.9590689,0.95329416,0.94678885,0.9406938,0.92750907,0.9111367,0.20196319
llama1b_layer_3,0.30342427,0.8037048,0.99993044,0.9998622,0.9994772,0.9989095,0.99840903,0.99754775,0.9965981,0.99612,0.99584717,0.9956303,0.9943395,0.99367034,0.99291396,0.9901299,0.98706764,0.9843635,0.98177123,0.97957915,0.9724382,0.966442,0.9616637,0.95605665,0.94972295,0.9437955,0.9309116,0.91489506,0.21093222
llama1b_layer_4,0.31178507,0.8093608,0.9997336,0.9998286,0.9996906,0.9993176,0.9989477,0.99827045,0.99747336,0.99705577,0.99681157,0.9966044,0.9954711,0.9948891,0.99420583,0.991683,0.9888553,0.9863479,0.983897,0.98182124,0.9750419,0.9692909,0.9646997,0.9592886,0.9531833,0.9474082,0.93491894,0.91934013,0.2216809
llama1b_layer_5,0.3176379,0.8135074,0.99947864,0.99967796,0.9996812,0.99949324,0.99920213,0.9986486,0.99797356,0.9976101,0.99738103,0.9971947,0.9961917,0.9956754,0.9950483,0.992693,0.99004114,0.9876343,0.98530847,0.98330444,0.97679716,0.97121906,0.9667584,0.9614894,0.9555242,0.9499028,0.93767226,0.922394,0.2292661
llama1b_layer_6,0.3201408,0.8148818,0.9993088,0.99956346,0.99964225,0.99949074,0.9992929,0.9988282,0.9982346,0.997904,0.99771494,0.9975463,0.9966051,0.99610066,0.9954992,0.99320996,0.9906241,0.98828655,0.9860073,0.98405784,0.9776614,0.9721751,0.96777713,0.96256495,0.9566891,0.95113766,0.93904936,0.92391384,0.23315868
llama1b_layer_7,0.32197088,0.81613445,0.9991605,0.9994516,0.9995835,0.99946815,0.9993044,0.9988946,0.9983665,0.9980771,0.99791366,0.99775827,0.996866,0.996394,0.9957981,0.9935703,0.9910362,0.98874784,0.9864943,0.98459214,0.9782773,0.9728702,0.9685157,0.96338654,0.9575504,0.95204395,0.9401252,0.92509043,0.23606908
llama1b_layer_8,0.32562748,0.8185883,0.9989359,0.999294,0.99949974,0.9994585,0.9993338,0.9989963,0.9985508,0.99828684,0.9981472,0.99802154,0.9972252,0.9967945,0.99624664,0.99411273,0.9916722,0.9894491,0.9872629,0.98539346,0.9792326,0.9739294,0.96963596,0.9645913,0.95883375,0.95343345,0.9416346,0.9267996,0.24043305
llama1b_layer_9,0.32961679,0.82125664,0.99873084,0.99915326,0.99943954,0.9994526,0.99937344,0.99908835,0.9986727,0.99842495,0.99829865,0.9981821,0.99745905,0.9970665,0.9966002,0.9946101,0.99228674,0.99016076,0.98804796,0.9862421,0.9802758,0.9750607,0.97084415,0.96592754,0.96026635,0.95494574,0.9432814,0.9286486,0.24522418
llama1b_layer_10,0.34050953,0.8283375,0.99784446,0.99846745,0.9989943,0.99921656,0.9992702,0.9991613,0.99891293,0.9987193,0.9986306,0.998542,0.9980005,0.99774355,0.99740183,0.99578404,0.99384344,0.992,0.99010956,0.9884631,0.9830073,0.97814757,0.9742232,0.96951663,0.96418893,0.9591069,0.94800025,0.93392104,0.2592023
llama1b_layer_11,0.34710693,0.83225137,0.9971946,0.9979297,0.99859643,0.998953,0.9990885,0.99906546,0.99887675,0.9987485,0.99865633,0.99856764,0.99810994,0.9979157,0.99766195,0.9962606,0.99455667,0.9928939,0.99112976,0.9896682,0.9845793,0.9799681,0.97620404,0.9717185,0.966562,0.9615936,0.9508753,0.9370662,0.2678942
llama1b_layer_12,0.35861203,0.8391584,0.99565524,0.9965963,0.9975127,0.99809444,0.99836135,0.9985418,0.9985241,0.9984707,0.9984311,0.99834764,0.9980958,0.9980204,0.9978886,0.9968481,0.99551606,0.9941995,0.99268264,0.9914257,0.9870328,0.9829651,0.97954345,0.9754168,0.9705554,0.9659003,0.95581526,0.9426391,0.28380805
llama1b_layer_13,0.37022796,0.84581965,0.99378484,0.994932,0.99611,0.9969122,0.99735355,0.9977212,0.99788433,0.997907,0.99790627,0.99785256,0.99779975,0.9978175,0.9978369,0.9971391,0.9962047,0.99515855,0.9939441,0.99290276,0.98910713,0.98550695,0.98238474,0.97861457,0.9741525,0.9697988,0.96038455,0.94785327,0.29951775
llama1b_layer_14,0.38604328,0.8542916,0.99049044,0.991931,0.99347794,0.9946203,0.9952639,0.995941,0.9963326,0.9964606,0.9965071,0.9964706,0.9966921,0.996893,0.9970459,0.99687076,0.9964355,0.99580604,0.99490124,0.9941699,0.99129057,0.9883922,0.9857585,0.9824399,0.97849166,0.97454596,0.96610296,0.9545357,0.3219876
llama1b_layer_15,0.40376642,0.8638599,0.9862502,0.98802346,0.9899926,0.99146,0.9923535,0.9933504,0.99405724,0.99430287,0.99441814,0.9944337,0.9949586,0.9953538,0.99572223,0.9960854,0.99619627,0.9959937,0.9954393,0.9950043,0.9929498,0.9906416,0.98845613,0.9856735,0.9823131,0.9788965,0.9715659,0.96115726,0.34581032
llama1b_layer_16,0.7324641,0.6131656,0.20613928,0.21763758,0.23176765,0.2438291,0.25223374,0.263138,0.27263376,0.27682164,0.27882558,0.2800941,0.2904724,0.29645544,0.30294013,0.32110077,0.33920062,0.3530945,0.36481652,0.37442127,0.40203187,0.4218788,0.4362107,0.45126513,0.46699193,0.48126408,0.5105824,0.54211676,0.91412705
